Record_ID,Engine_Temperature_C,RPM,Oil_Pressure_psi,Vibration_mm_s,Battery_Voltage_V,Coolant_Temperature_C,Fuel_Consumption_L_100km,Vehicle_Speed_kmh,Operating_Hours,Failure
1001,92.5,1450,55.2,2.3,13.1,88.0,9.5,45.0,2500.0,0
1002,105.2,2100,48.5,3.8,12.8,98.0,11.2,60.0,7800.0,1
1003,85.3,1800,58.6,1.9,13.5,79.0,8.8,50.0,3200.0,0
1004,110.1,2350,45.2,4.1,12.5,102.0,12.1,65.0,9200.0,1
1005,88.7,1600,61.3,1.5,13.8,84.0,9.2,40.0,1800.0,0
1006,78.4,1200,64.1,1.0,14.0,72.0,8.1,35.0,500.0,0
1007,98.3,2200,50.7,3.2,12.9,91.0,10.5,58.0,6500.0,1
1008,82.9,1500,57.2,2.1,13.3,77.0,9.0,42.0,2800.0,0
1009,104.6,2400,46.8,3.9,12.7,97.0,11.8,62.0,8100.0,1
1010,90.1,1700,56.9,2.4,13.2,85.0,9.7,48.0,3800.0,0
1011,75.2,1100,65.4,0.9,14.2,68.0,7.5,30.0,300.0,0
1012,108.9,2500,44.1,4.3,12.6,101.0,12.3,70.0,9500.0,1
1013,86.5,1650,59.1,2.0,13.6,80.0,9.1,44.0,3100.0,0
1014,94.2,1950,52.3,2.8,13.0,88.0,10.1,55.0,5800.0,0
1015,102.7,2300,47.2,3.7,12.8,96.0,11.5,64.0,7900.0,1
1016,81.3,1300,62.8,1.7,13.9,75.0,8.6,38.0,1500.0,0
1017,87.9,1800,55.4,2.5,13.1,82.0,9.4,51.0,4200.0,0
1018,106.4,2400,45.9,4.0,12.7,99.0,12.0,68.0,8800.0,1
1019,83.6,1450,58.7,1.9,13.4,78.0,8.9,43.0,2600.0,0
1020,96.8,2050,51.2,3.1,13.2,90.0,10.2,56.0,6000.0,0
1021,100.3,2250,48.6,3.5,12.9,94.0,11.0,61.0,7500.0,1
1022,79.7,1250,63.2,1.3,14.1,70.0,8.3,36.0,800.0,0
1023,91.4,1900,53.1,2.6,13.1,86.0,9.8,52.0,5200.0,0
1024,109.2,2550,43.7,4.2,12.5,103.0,12.4,72.0,9800.0,1
1025,84.2,1550,57.5,2.2,13.7,79.0,9.3,45.0,3300.0,0